model_id,tau_1y,tau_3y,tau_5y,tau_10y
dl,0.9583870825686032,0.9653950805425658,0.9232509464582396,0.9274894777529895
dlfavar_all,0.8935212937134288,0.8889466786527164,0.8591046220646978,0.8731294497724355
dlfavar_fira,0.8642961024662285,0.9520922308637717,0.9101978190110361,0.8691505775273216
dlfavar_group,0.8468983615366253,0.8394826497207152,0.8057119800767023,0.8107888820943046
