,corr_PC1,corr_PC2
IPCA_24m,0.9863267640843008,-0.1317637436168929
IPCA_36m,0.9340473540764094,-0.34813894474633594
IPCA_12m,0.8402630533382702,0.5414255666571464
