,std_level,std_change_1d,autocorr_lag1
InflPC1,1.597495739532775,0.026518777063441676,0.9998622211360735
InflPC2,0.6571227053096683,0.020261833355672325,0.9995246926768113
