,std_level,std_change_1d,autocorr_lag1
RealPC1,1.3877696637906487,0.06188564375236076,0.999005340400596
