component,explained_variance_ratio
pc_all_1,0.09185123898375296
pc_all_2,0.08306374952275034
pc_all_3,0.06467156131440846
pc_all_4,0.055332378009346546
pc_all_5,0.044196424953202196
